<?xml version="1.0" encoding="UTF-8" ?>
<!DOCTYPE configuration
        PUBLIC "-//mybatis.org//DTD Config 3.0//EN"
        "http://mybatis.org/dtd/mybatis-3-config.dtd">
<configuration>

    <settings>
        <setting name="logImpl" value="LOG4J"/>
    </settings>

    <environments default="mysql">
        <environment id="mysql">
            <transactionManager type="JDBC"/>
            <dataSource type="POOLED">
                <property name="driver" value="com.mysql.jdbc.Driver"/>
                <property name="url" value="jdbc:mysql://localhost:3306/housing_provident_fund?useUnicode=true&amp;characterEncoding=utf8&amp;serverTimezone=UTC"/>
                <property name="username" value="root"/>
                <property name="password" value="0000"/>
            </dataSource>
        </environment>
    </environments>

    <mappers>
        <mapper class="cn.edu.ccut.mapper.LoginMapper"/>
        <mapper class="cn.edu.ccut.mapper.WorkUnitMapper"/>
        <mapper class="cn.edu.ccut.mapper.WorkPersonMapper"/>
        <mapper class="cn.edu.ccut.mapper.SystemParameterMapper"/>
    </mappers>

</configuration>